sample_id,data_type,file_name,url,busco_lineage,Genus_species
GalaxiasRostratus616629,PacBio,616629_FISH_BRF_m84118_250714_235739_s3.hifi_reads.bc2071.bam,https://data.bioplatforms.com/dataset/bpa-fish-pacbio-hifi-616629-m84118_250714_235739_s3/resource/f816c011c7d82bc4c2c58cb93be5761b/download/616629_FISH_BRF_m84118_250714_235739_s3.hifi_reads.bc2071.bam,actinopterygii_odb10,Galaxias rostratus
HypseleotrisAcropinna616622,PacBio,616622_FISH_BRF_m84118_250714_235739_s4.hifi_reads.bc2072.bam,https://data.bioplatforms.com/dataset/bpa-fish-pacbio-hifi-616622-m84118_250714_235739_s4/resource/5d54cabca7af5555936f57a42d0d7c81/download/616622_FISH_BRF_m84118_250714_235739_s4.hifi_reads.bc2072.bam,actinopterygii_odb10,Hypseleotris acropinna
NematalosaErebi616604,PacBio,616604_FISH_BRF_m84118_250714_235739_s2.hifi_reads.bc2070.bam,https://data.bioplatforms.com/dataset/bpa-fish-pacbio-hifi-616604-m84118_250714_235739_s2/resource/29fd2373a86298db0b88394ad2e1b2f7/download/616604_FISH_BRF_m84118_250714_235739_s2.hifi_reads.bc2070.bam,actinopterygii_odb10,Nematalosa erebi
PseudomugilHalophilus616628,PacBio,616628_FISH_BRF_m84118_250714_235739_s1.hifi_reads.bc2069.bam,https://data.bioplatforms.com/dataset/bpa-fish-pacbio-hifi-616628-m84118_250714_235739_s1/resource/0673a35d860d6b93eaae78d468cab1f9/download/616628_FISH_BRF_m84118_250714_235739_s1.hifi_reads.bc2069.bam,actinopterygii_odb10,Pseudomugil halophilus
yalmyTest460406,PacBio,463483_TSI_AGRF_m84073_240319_042622_s1.ccs.bam,https://data.bioplatforms.com/dataset/bpa-tsi-pacbio-hifi-463483-m84073_240319_042622_s1/resource/cfa15fa391e758a23737fd0c42fa618a/download/463483_TSI_AGRF_m84073_240319_042622_s1.ccs.bam,actinopterygii_odb10,Galaxias sp. "Yalmy"
yalmyTest460406,PacBio,462443_TSI_AGRF_m84073_230802_044942_s4.ccs.bam,https://data.bioplatforms.com/dataset/bpa-tsi-pacbio-hifi-462443-m84073_230802_044942_s4/resource/f9fbe566758f0a9a01a79d2f2f2e79e1/download/462443_TSI_AGRF_m84073_230802_044942_s4.ccs.bam,actinopterygii_odb10,Galaxias sp. "Yalmy"
ThemedaTriandra,PacBio,369564_LibID371564_AG_BRF_m84118_231208_115614_s4.hifi_reads.bam,https://data.bioplatforms.com/dataset/bpa-grasslands-pacbio-hifi-371564-m84118_231208_115614_s4/resource/216c8ca75dbc6383f76cd2c9c7e40e39/download/369564_LibID371564_AG_BRF_m84118_231208_115614_s4.hifi_reads.bam,buscoFOO,Themeda triandra
ThemedaTriandra,HiC,369564_LibID371565_AG_BRF_HMMYTDRX3_TCAGCATC_S1_L001_R1_001.fastq.gz,https://data.bioplatforms.com/dataset/bpa-grasslands-hi-c-371565-373565/resource/5fb1bde2e50768d6b22aa2e00f97352b/download/369564_LibID371565_AG_BRF_HMMYTDRX3_TCAGCATC_S1_L001_R1_001.fastq.gz,buscoFOO,Themeda triandra
ThemedaTriandra,HiC,369564_LibID371565_AG_BRF_HMMYTDRX3_TCAGCATC_S1_L001_R2_001.fastq.gz,https://data.bioplatforms.com/dataset/bpa-grasslands-hi-c-371565-373565/resource/31b685a72a8af749b846ee26f0191eff/download/369564_LibID371565_AG_BRF_HMMYTDRX3_TCAGCATC_S1_L001_R2_001.fastq.gz,buscoFOO,Themeda triandra
ThemedaTriandra,HiC,369564_LibID371565_AG_BRF_HMMYTDRX3_TCAGCATC_S1_L002_R2_001.fastq.gz,https://data.bioplatforms.com/dataset/bpa-grasslands-hi-c-371565-373565/resource/6210ed784e097cc422f64d377a6c356b/download/369564_LibID371565_AG_BRF_HMMYTDRX3_TCAGCATC_S1_L002_R2_001.fastq.gz,buscoFOO,Themeda triandra
ThemedaTriandra,HiC,369564_LibID371565_AG_BRF_HMMYTDRX3_TCAGCATC_S1_L002_R1_001.fastq.gz,https://data.bioplatforms.com/dataset/bpa-grasslands-hi-c-371565-373565/resource/80421efe3bc90ae4ecfa914bd27cd362/download/369564_LibID371565_AG_BRF_HMMYTDRX3_TCAGCATC_S1_L002_R1_001.fastq.gz,buscoFOO,Themeda triandra